{
  "model": "LGBM",
  "accuracy": 0.6,
  "precision": 0.5699797160243407,
  "recall": 0.5991471215351812,
  "f1": 0.5841995841995842,
  "auc": 0.6502415284353054
}